unique_id,ds,y,average_discount,holiday,week_before_holiday
Books,2023-04-29,841.5101466899999,1,0,0
Books,2023-04-30,16875.994336342,1,0,0
Books,2023-05-01,15940.233894437,2,0,0
Books,2023-05-02,20267.36642335,2,0,0
Books,2023-05-03,16548.15452344,1,0,0
Books,2023-05-04,15272.92270522,1,0,0
Books,2023-05-05,18329.74042832,1,0,0
Books,2023-05-06,19303.685771290002,2,0,0
Books,2023-05-07,16502.80089212,1,0,0
Books,2023-05-08,13215.86589868,1,0,0
Books,2023-05-09,14823.48246758,2,0,0
Books,2023-05-10,17667.1563315,1,0,0
Books,2023-05-11,18210.73660497,1,0,0
Books,2023-05-12,13281.92746787,2,0,0
Books,2023-05-13,15958.7890327,1,0,0
Books,2023-05-14,17611.31943185,1,0,0
Books,2023-05-15,17580.14736757,1,0,0
Books,2023-05-16,16625.75819016,1,0,0
Books,2023-05-17,15651.58388482,2,0,0
Books,2023-05-18,18639.62957892,2,0,0
Books,2023-05-19,18840.1562125,2,0,0
Books,2023-05-20,18661.81159762,1,0,0
Books,2023-05-21,15892.798008490001,2,0,0
Books,2023-05-22,23816.06525257,1,0,1
Books,2023-05-23,16968.87197105,1,0,1
Books,2023-05-24,14983.05235375,2,0,1
Books,2023-05-25,14340.86668501,1,0,1
Books,2023-05-26,20393.678066066,1,0,1
Books,2023-05-27,12616.658406119,1,0,1
Books,2023-05-28,20385.18036683,2,0,1
Books,2023-05-29,13209.44628197,1,1,0
Books,2023-05-30,16655.46907728,2,0,0
Books,2023-05-31,21697.18912603,2,0,0
Books,2023-06-01,16316.570886604,2,0,0
Books,2023-06-02,22084.45235827,2,0,0
Books,2023-06-03,17607.71127624,1,0,0
Books,2023-06-04,17435.16466872,2,0,0
Books,2023-06-05,15998.5908885,2,0,0
Books,2023-06-06,21004.20415681,1,0,0
Books,2023-06-07,21668.47258379,1,0,0
Books,2023-06-08,16877.44062952,2,0,0
Books,2023-06-09,16027.17270098,1,0,0
Books,2023-06-10,18672.10970885,2,0,0
Books,2023-06-11,16574.55218975,2,0,0
Books,2023-06-12,14574.50960805,1,0,1
Books,2023-06-13,17606.575451149998,1,0,1
Books,2023-06-14,16556.01797973,2,0,1
Books,2023-06-15,16389.70323329,2,0,1
Books,2023-06-16,15326.7268583,1,0,1
Books,2023-06-17,18221.00942094,1,0,1
Books,2023-06-18,16481.06820827,2,0,1
Books,2023-06-19,17677.41972076,1,1,0
Books,2023-06-20,16636.89208031,2,0,0
Books,2023-06-21,17012.67466131,1,0,0
Books,2023-06-22,15831.05157066,2,0,0
Books,2023-06-23,17154.57775666,1,0,0
Books,2023-06-24,14638.27555321,2,0,0
Books,2023-06-25,17849.10309947,1,0,0
Books,2023-06-26,18648.423052,1,0,0
Books,2023-06-27,20406.38853517,1,0,1
Books,2023-06-28,15416.725957839,2,0,1
Books,2023-06-29,20575.78214922,1,0,1
Books,2023-06-30,19642.28119783,1,0,1
Books,2023-07-01,13798.88468349,2,0,1
Books,2023-07-02,15640.87088054,1,0,1
Books,2023-07-03,18408.48323994,1,0,1
Books,2023-07-04,17128.72075049,2,1,0
Books,2023-07-05,19130.47272958,1,0,0
Books,2023-07-06,18377.65808968,2,0,0
Books,2023-07-07,18719.5707184,1,0,0
Books,2023-07-08,20801.86295841,2,0,0
Books,2023-07-09,16890.9826417,2,0,0
Books,2023-07-10,17326.25499642,2,0,0
Books,2023-07-11,16616.49141826,2,0,0
Books,2023-07-12,15543.70960872,2,0,0
Books,2023-07-13,17843.08357012,2,0,0
Books,2023-07-14,15931.50113149,2,0,0
Books,2023-07-15,16141.5008826,1,0,0
Books,2023-07-16,20970.64356671,2,0,0
Books,2023-07-17,14892.340080009999,2,0,0
Books,2023-07-18,20197.71204382,1,0,0
Books,2023-07-19,17742.3577521,2,0,0
Books,2023-07-20,18429.33694863,1,0,0
Books,2023-07-21,17264.31368874,1,0,0
Books,2023-07-22,18380.61804114,1,0,0
Books,2023-07-23,17430.76780138,1,0,0
Books,2023-07-24,14775.34832089,2,0,0
Books,2023-07-25,17961.6300534,1,0,0
Books,2023-07-26,13579.21936949,2,0,0
Books,2023-07-27,18904.64355179,1,0,0
Books,2023-07-28,15015.25988266,1,0,0
Books,2023-07-29,18753.66734015,1,0,0
Books,2023-07-30,22110.22108436,2,0,0
Books,2023-07-31,21722.78641026,1,0,0
Books,2023-08-01,17688.6666056,1,0,0
Books,2023-08-02,17988.243131076,2,0,0
Books,2023-08-03,17123.199340260002,1,0,0
Books,2023-08-04,16374.06748606,1,0,0
Books,2023-08-05,25016.379332524,1,0,0
Books,2023-08-06,19514.40972099,1,0,0
Books,2023-08-07,15938.10029669,2,0,0
Books,2023-08-08,17649.1627136,1,0,0
Books,2023-08-09,19318.21647689,1,0,0
Books,2023-08-10,17106.35357735,1,0,0
Books,2023-08-11,17874.98362134,1,0,0
Books,2023-08-12,20788.57166919,2,0,0
Books,2023-08-13,15521.95345105,1,0,0
Books,2023-08-14,14062.27616887,2,0,0
Books,2023-08-15,15523.24614416,2,0,0
Books,2023-08-16,16398.0100333,1,0,0
Books,2023-08-17,16876.02110829,1,0,0
Books,2023-08-18,20594.58818682,2,0,0
Books,2023-08-19,15653.6719257,1,0,0
Books,2023-08-20,17466.07198325,1,0,0
Books,2023-08-21,16775.48074453,1,0,0
Books,2023-08-22,17347.913996897,1,0,0
Books,2023-08-23,19628.83501739,2,0,0
Books,2023-08-24,17453.56732573,1,0,0
Books,2023-08-25,17737.71148089,1,0,0
Books,2023-08-26,13033.97658978,2,0,0
Books,2023-08-27,19399.82407233,1,0,0
Books,2023-08-28,18814.24642767,2,0,1
Books,2023-08-29,17419.83172555,1,0,1
Books,2023-08-30,15627.05407352,2,0,1
Books,2023-08-31,17181.59034548,2,0,1
Books,2023-09-01,18424.34789459,1,0,1
Books,2023-09-02,17813.855889630002,1,0,1
Books,2023-09-03,17271.37957333,1,0,1
Books,2023-09-04,14409.966979,1,1,0
Books,2023-09-05,17106.87761923,1,0,0
Books,2023-09-06,20688.55327285,2,0,0
Books,2023-09-07,20068.47851729,1,0,0
Books,2023-09-08,18172.25721897,2,0,0
Books,2023-09-09,14060.1646731,1,0,0
Books,2023-09-10,14422.78221091,2,0,0
Books,2023-09-11,18798.37466742,2,0,0
Books,2023-09-12,12603.56883461,1,0,0
Books,2023-09-13,16889.7165886,2,0,0
Books,2023-09-14,17618.428003009998,2,0,0
Books,2023-09-15,16433.34843027,2,0,0
Books,2023-09-16,13935.91194691,1,0,0
Books,2023-09-17,14842.03075366,1,0,0
Books,2023-09-18,19838.74487919,2,0,0
Books,2023-09-19,12134.47490404,1,0,0
Books,2023-09-20,18766.57580518,1,0,0
Books,2023-09-21,16977.98841796,2,0,0
Books,2023-09-22,19870.37054998,2,0,0
Books,2023-09-23,15226.39120073,2,0,0
Books,2023-09-24,18022.7151387,1,0,0
Books,2023-09-25,15347.9887125,1,0,0
Books,2023-09-26,16358.79436375,1,0,0
Books,2023-09-27,14857.93324262,1,0,0
Books,2023-09-28,19485.04218157,2,0,0
Books,2023-09-29,17237.22471146,1,0,0
Books,2023-09-30,15552.11098068,2,0,0
Books,2023-10-01,16323.15820338,2,0,0
Books,2023-10-02,10816.91338295,2,0,1
Books,2023-10-03,20423.78943293,1,0,1
Books,2023-10-04,19864.59436478,1,0,1
Books,2023-10-05,15313.28011749,1,0,1
Books,2023-10-06,21408.33595454,1,0,1
Books,2023-10-07,13697.55506468,1,0,1
Books,2023-10-08,18203.77269752,2,0,1
Books,2023-10-09,19921.76664859,1,1,0
Books,2023-10-10,15587.30039884,1,0,0
Books,2023-10-11,12549.27349593,1,0,0
Books,2023-10-12,14241.606368908,1,0,0
Books,2023-10-13,13745.75732194,1,0,0
Books,2023-10-14,19888.60095341,1,0,0
Books,2023-10-15,21503.4593704,2,0,0
Books,2023-10-16,16902.914612292,2,0,0
Books,2023-10-17,14012.56882453,2,0,0
Books,2023-10-18,15615.55632476,1,0,0
Books,2023-10-19,17664.546649866,2,0,0
Books,2023-10-20,15891.663837619999,1,0,0
Books,2023-10-21,15100.47385105,1,0,0
Books,2023-10-22,15644.7889125,1,0,0
Books,2023-10-23,14921.40975361,2,0,0
Books,2023-10-24,20265.90218649,2,0,0
Books,2023-10-25,13250.772287990001,1,0,0
Books,2023-10-26,12385.25356558,2,0,0
Books,2023-10-27,13426.72955009,2,0,0
Books,2023-10-28,14588.87208464,2,0,0
Books,2023-10-29,14337.13016464,1,0,0
Books,2023-10-30,15055.919816301,1,0,0
Books,2023-10-31,19981.29119749,1,0,0
Books,2023-11-01,13245.08374422,1,0,0
Books,2023-11-02,24774.27035007,2,0,0
Books,2023-11-03,18630.60257221,2,0,1
Books,2023-11-04,21186.42690905,2,0,1
Books,2023-11-05,19951.0163593,1,0,1
Books,2023-11-06,16271.321890288,2,0,1
Books,2023-11-07,19443.10822011,2,0,1
Books,2023-11-08,21109.500267875,1,0,1
Books,2023-11-09,19241.82524471,2,0,1
Books,2023-11-10,18393.53063058,2,1,1
Books,2023-11-11,12259.98304846,2,1,0
Books,2023-11-12,17846.2820621,2,0,0
Books,2023-11-13,12713.73903843,2,0,0
Books,2023-11-14,14682.35537437,1,0,0
Books,2023-11-15,16506.62555837,1,0,0
Books,2023-11-16,17883.411276776,2,0,1
Books,2023-11-17,21053.52546081,2,0,1
Books,2023-11-18,15973.31904437,2,0,1
Books,2023-11-19,14962.59459502,1,0,1
Books,2023-11-20,20633.76682987,2,0,1
Books,2023-11-21,16833.891319066,2,0,1
Books,2023-11-22,19326.84875195,1,0,1
Books,2023-11-23,13344.32250077,2,1,0
Books,2023-11-24,14336.170645975999,1,0,0
Books,2023-11-25,17885.71370227,2,0,0
Books,2023-11-26,14970.62588954,1,0,0
Books,2023-11-27,15007.36269575,1,0,0
Books,2023-11-28,17240.39418887,1,0,0
Books,2023-11-29,15573.40218244,2,0,0
Books,2023-11-30,16143.86649121,2,0,0
Books,2023-12-01,19537.85116172,2,0,0
Books,2023-12-02,20036.54973977,2,0,0
Books,2023-12-03,11232.89674133,2,0,0
Books,2023-12-04,19448.97971369,1,0,0
Books,2023-12-05,18550.88349122,2,0,0
Books,2023-12-06,16218.13682694,2,0,0
Books,2023-12-07,16215.33138023,1,0,0
Books,2023-12-08,15256.33015326,2,0,0
Books,2023-12-09,17271.93919626,2,0,0
Books,2023-12-10,15342.72767915,1,0,0
Books,2023-12-11,15501.721433601,1,0,0
Books,2023-12-12,15535.44936393,2,0,0
Books,2023-12-13,16246.36476501,1,0,0
Books,2023-12-14,20871.72874474,1,0,0
Books,2023-12-15,13917.182669418,2,0,0
Books,2023-12-16,18592.725425736,1,0,0
Books,2023-12-17,17851.18962628,1,0,0
Books,2023-12-18,19426.97738772,1,0,1
Books,2023-12-19,17587.26282846,2,0,1
Books,2023-12-20,19270.94623126,1,0,1
Books,2023-12-21,16478.15958547,1,0,1
Books,2023-12-22,14928.65642139,2,0,1
Books,2023-12-23,16739.08654418,1,0,1
Books,2023-12-24,18878.33673863,2,0,1
Books,2023-12-25,22287.97597217,1,1,1
Books,2023-12-26,19109.630843984,2,0,1
Books,2023-12-27,17927.98471866,2,0,1
Books,2023-12-28,13082.51097251,1,0,1
Books,2023-12-29,19100.67181004,2,0,1
Books,2023-12-30,16580.53012581,1,0,1
Books,2023-12-31,20958.66009495,2,0,1
Books,2024-01-01,17738.00160938,2,1,0
Books,2024-01-02,17937.96679746,2,0,0
Books,2024-01-03,13688.77337885,2,0,0
Books,2024-01-04,18532.9432816,2,0,0
Books,2024-01-05,14179.05349998,2,0,0
Books,2024-01-06,16833.736782345,2,0,0
Books,2024-01-07,19426.10243105,2,0,0
Books,2024-01-08,18494.64588696,2,0,1
Books,2024-01-09,14011.88710537,1,0,1
Books,2024-01-10,14404.78764638,1,0,1
Books,2024-01-11,16384.35966704,2,0,1
Books,2024-01-12,17536.24817289,2,0,1
Books,2024-01-13,21748.41771636,2,0,1
Books,2024-01-14,17505.52834003,2,0,1
Books,2024-01-15,18265.33251033,2,1,0
Books,2024-01-16,18863.04491867,1,0,0
Books,2024-01-17,14298.11638395,1,0,0
Books,2024-01-18,18112.90727095,2,0,0
Books,2024-01-19,14021.95153001,2,0,0
Books,2024-01-20,17410.25043064,1,0,0
Books,2024-01-21,15595.17099192,1,0,0
Books,2024-01-22,17372.882064296,1,0,0
Books,2024-01-23,14729.96087334,1,0,0
Books,2024-01-24,20740.51736517,2,0,0
Books,2024-01-25,17866.222803059998,1,0,0
Books,2024-01-26,16881.40068149,2,0,0
Books,2024-01-27,17950.30679792,1,0,0
Books,2024-01-28,12806.54218833,1,0,0
Books,2024-01-29,13081.5209832,1,0,0
Books,2024-01-30,19973.12474562,1,0,0
Books,2024-01-31,17425.28999757,2,0,0
Books,2024-02-01,20767.40926327,1,0,0
Books,2024-02-02,14904.776504360001,2,0,0
Books,2024-02-03,19150.60629078,2,0,0
Books,2024-02-04,15021.58147035,2,0,0
Books,2024-02-05,13443.70090511,2,0,0
Books,2024-02-06,15882.53893631,1,0,0
Books,2024-02-07,17231.04512436,1,0,0
Books,2024-02-08,14975.46990303,1,0,0
Books,2024-02-09,13080.212067526,2,0,0
Books,2024-02-10,21357.98620581,2,0,0
Books,2024-02-11,17990.42884593,1,0,0
Books,2024-02-12,12329.79393288,1,0,1
Books,2024-02-13,16428.47970365,1,0,1
Books,2024-02-14,15303.00688252,1,0,1
Books,2024-02-15,17664.2685708,1,0,1
Books,2024-02-16,15861.97045714,2,0,1
Books,2024-02-17,18514.4224872,2,0,1
Books,2024-02-18,15078.77870204,1,0,1
Books,2024-02-19,16254.66086093,2,1,0
Books,2024-02-20,16670.55853307,2,0,0
Books,2024-02-21,17536.87216582,1,0,0
Books,2024-02-22,16986.77511445,2,0,0
Books,2024-02-23,16921.92231191,2,0,0
Books,2024-02-24,19838.98246359,2,0,0
Books,2024-02-25,19052.64649169,2,0,0
Books,2024-02-26,14930.9207789,1,0,0
Books,2024-02-27,17192.27422805,2,0,0
Books,2024-02-28,20611.22966506,1,0,0
Books,2024-02-29,13897.00297177,1,0,0
Books,2024-03-01,11496.05976608,1,0,0
Books,2024-03-02,18645.36596031,1,0,0
Books,2024-03-03,14624.95446701,1,0,0
Books,2024-03-04,20916.15746527,1,0,0
Books,2024-03-05,19134.00601132,2,0,0
Books,2024-03-06,19632.00028195,1,0,0
Books,2024-03-07,15405.55726053,1,0,0
Books,2024-03-08,17974.03696892,2,0,0
Books,2024-03-09,13728.81613773,2,0,0
Books,2024-03-10,14580.1075585,2,0,0
Books,2024-03-11,20085.42647885,1,0,0
Books,2024-03-12,18043.02146979,2,0,0
Books,2024-03-13,15560.753169,2,0,0
Books,2024-03-14,15909.28752328,2,0,0
Books,2024-03-15,19947.199430972,2,0,0
Books,2024-03-16,20438.99645445,1,0,0
Books,2024-03-17,15901.13089839,2,0,0
Books,2024-03-18,18963.63926572,2,0,0
Books,2024-03-19,19351.23494052,2,0,0
Books,2024-03-20,16724.838858439998,2,0,0
Books,2024-03-21,18792.19132113,2,0,0
Books,2024-03-22,14997.58882814,2,0,0
Books,2024-03-23,13405.79334657,2,0,0
Books,2024-03-24,19197.04733652,1,0,0
Books,2024-03-25,22967.49472351,1,0,0
Books,2024-03-26,12441.25477449,1,0,0
Books,2024-03-27,20448.22908565,2,0,0
Books,2024-03-28,19251.12581025,1,0,0
Books,2024-03-29,15522.32595458,1,0,0
Books,2024-03-30,17728.01035017,2,0,0
Books,2024-03-31,18381.24936583,2,0,0
Books,2024-04-01,18619.699157439998,1,0,0
Books,2024-04-02,20508.65823695,1,0,0
Books,2024-04-03,14562.86917018,1,0,0
Books,2024-04-04,18580.04120949,2,0,0
Books,2024-04-05,18923.41715115,1,0,0
Books,2024-04-06,12351.14619692,2,0,0
Books,2024-04-07,15664.67190212,1,0,0
Books,2024-04-08,17771.45730838,2,0,0
Books,2024-04-09,16092.637336939999,1,0,0
Books,2024-04-10,15513.15172441,1,0,0
Books,2024-04-11,15709.28280189,1,0,0
Books,2024-04-12,16421.83126509,2,0,0
Books,2024-04-13,17206.79830747,2,0,0
Books,2024-04-14,19333.08475624,1,0,0
Books,2024-04-15,12863.15522309,1,0,0
Books,2024-04-16,18253.22776156,2,0,0
Books,2024-04-17,18027.72046259,2,0,0
Books,2024-04-18,17706.02154694,2,0,0
Books,2024-04-19,24363.873823679998,1,0,0
Books,2024-04-20,18663.60174329,2,0,0
Books,2024-04-21,14663.22345086,1,0,0
Books,2024-04-22,20659.801132003,1,0,0
Books,2024-04-23,16962.64464605,1,0,0
Books,2024-04-24,18291.58845841,1,0,0
Books,2024-04-25,15740.01119992,2,0,0
Books,2024-04-26,17274.881974,2,0,0
Books,2024-04-27,15176.84897454,1,0,0
Books,2024-04-28,14009.02151629,2,0,0
Clothing,2023-04-29,446.84797149999997,3,0,0
Clothing,2023-04-30,14360.06743376,2,0,0
Clothing,2023-05-01,16890.397420335,2,0,0
Clothing,2023-05-02,17020.83156639,1,0,0
Clothing,2023-05-03,15212.68954313,2,0,0
Clothing,2023-05-04,18892.86950126,2,0,0
Clothing,2023-05-05,14322.141530679999,2,0,0
Clothing,2023-05-06,21225.10020362,1,0,0
Clothing,2023-05-07,14938.464296442,2,0,0
Clothing,2023-05-08,15340.51413358,1,0,0
Clothing,2023-05-09,16833.07968713,1,0,0
Clothing,2023-05-10,19474.02617222,2,0,0
Clothing,2023-05-11,16804.52637866,1,0,0
Clothing,2023-05-12,17242.69674337,2,0,0
Clothing,2023-05-13,15953.51302817,1,0,0
Clothing,2023-05-14,15007.21231151,1,0,0
Clothing,2023-05-15,13280.34234709,1,0,0
Clothing,2023-05-16,16026.04538522,2,0,0
Clothing,2023-05-17,22259.38148942,1,0,0
Clothing,2023-05-18,17826.38648004,1,0,0
Clothing,2023-05-19,16477.61026277,2,0,0
Clothing,2023-05-20,17681.086698591,2,0,0
Clothing,2023-05-21,14728.61316431,1,0,0
Clothing,2023-05-22,19814.53614922,2,0,1
Clothing,2023-05-23,16204.123472520001,2,0,1
Clothing,2023-05-24,18328.67661032,2,0,1
Clothing,2023-05-25,17915.17092721,2,0,1
Clothing,2023-05-26,14779.69144352,1,0,1
Clothing,2023-05-27,13968.12759193,1,0,1
Clothing,2023-05-28,14487.07682109,1,0,1
Clothing,2023-05-29,18534.12831312,2,1,0
Clothing,2023-05-30,20733.29795707,1,0,0
Clothing,2023-05-31,14236.35676661,1,0,0
Clothing,2023-06-01,16000.26071612,2,0,0
Clothing,2023-06-02,16702.95552384,2,0,0
Clothing,2023-06-03,20511.05404686,1,0,0
Clothing,2023-06-04,16745.17966153,2,0,0
Clothing,2023-06-05,21751.39956208,2,0,0
Clothing,2023-06-06,16857.10000679,1,0,0
Clothing,2023-06-07,15617.563431,1,0,0
Clothing,2023-06-08,17477.05804277,2,0,0
Clothing,2023-06-09,13004.90461489,1,0,0
Clothing,2023-06-10,18648.54042902,1,0,0
Clothing,2023-06-11,19344.70411014,1,0,0
Clothing,2023-06-12,11667.49070415,1,0,1
Clothing,2023-06-13,17236.32769126,1,0,1
Clothing,2023-06-14,13264.088946240001,2,0,1
Clothing,2023-06-15,15850.03064477,2,0,1
Clothing,2023-06-16,16378.1041758,1,0,1
Clothing,2023-06-17,22021.97420834,2,0,1
Clothing,2023-06-18,16158.70360955,2,0,1
Clothing,2023-06-19,15372.73983359,2,1,0
Clothing,2023-06-20,17459.1270434,2,0,0
Clothing,2023-06-21,20452.00329062,2,0,0
Clothing,2023-06-22,18051.96317147,1,0,0
Clothing,2023-06-23,17285.217441740002,2,0,0
Clothing,2023-06-24,17979.99503394,2,0,0
Clothing,2023-06-25,15187.27616514,2,0,0
Clothing,2023-06-26,16686.99743569,2,0,0
Clothing,2023-06-27,18072.20350092,2,0,1
Clothing,2023-06-28,16024.9100993,1,0,1
Clothing,2023-06-29,21824.603732,2,0,1
Clothing,2023-06-30,17098.15031925,1,0,1
Clothing,2023-07-01,13952.86873316,1,0,1
Clothing,2023-07-02,13421.48057206,1,0,1
Clothing,2023-07-03,14431.55264436,1,0,1
Clothing,2023-07-04,14013.59403646,2,1,0
Clothing,2023-07-05,17098.20248073,2,0,0
Clothing,2023-07-06,17842.52376,2,0,0
Clothing,2023-07-07,16072.16447798,1,0,0
Clothing,2023-07-08,21094.90586424,1,0,0
Clothing,2023-07-09,14726.47897249,1,0,0
Clothing,2023-07-10,15711.03581488,2,0,0
Clothing,2023-07-11,15630.80201506,2,0,0
Clothing,2023-07-12,18518.08600212,2,0,0
Clothing,2023-07-13,18023.65399021,1,0,0
Clothing,2023-07-14,14683.24448597,1,0,0
Clothing,2023-07-15,21432.09944202,2,0,0
Clothing,2023-07-16,18533.28294601,1,0,0
Clothing,2023-07-17,16387.60332591,1,0,0
Clothing,2023-07-18,17454.56272676,2,0,0
Clothing,2023-07-19,17629.485891880002,2,0,0
Clothing,2023-07-20,20614.793317874,2,0,0
Clothing,2023-07-21,15126.63106247,2,0,0
Clothing,2023-07-22,15167.72255013,1,0,0
Clothing,2023-07-23,17327.36076965,1,0,0
Clothing,2023-07-24,15654.95948799,1,0,0
Clothing,2023-07-25,21119.39447178,1,0,0
Clothing,2023-07-26,13330.42797773,2,0,0
Clothing,2023-07-27,17471.64221285,2,0,0
Clothing,2023-07-28,15574.20039194,1,0,0
Clothing,2023-07-29,16724.10392836,2,0,0
Clothing,2023-07-30,15408.07432945,1,0,0
Clothing,2023-07-31,20986.76234035,2,0,0
Clothing,2023-08-01,18090.81953413,1,0,0
Clothing,2023-08-02,15767.5439934,2,0,0
Clothing,2023-08-03,19481.52180939,2,0,0
Clothing,2023-08-04,17964.76999783,1,0,0
Clothing,2023-08-05,16459.18896849,1,0,0
Clothing,2023-08-06,16915.76176391,2,0,0
Clothing,2023-08-07,17996.022725333998,1,0,0
Clothing,2023-08-08,16244.24945165,1,0,0
Clothing,2023-08-09,17386.99155434,2,0,0
Clothing,2023-08-10,14285.75551361,1,0,0
Clothing,2023-08-11,15603.12074382,1,0,0
Clothing,2023-08-12,17318.70590454,1,0,0
Clothing,2023-08-13,18106.2096532,1,0,0
Clothing,2023-08-14,14760.241312174,1,0,0
Clothing,2023-08-15,19419.00078231,2,0,0
Clothing,2023-08-16,15820.19392297,1,0,0
Clothing,2023-08-17,18880.93456184,2,0,0
Clothing,2023-08-18,17752.65832004,2,0,0
Clothing,2023-08-19,16935.57247563,2,0,0
Clothing,2023-08-20,15451.03091138,1,0,0
Clothing,2023-08-21,17546.106070928,2,0,0
Clothing,2023-08-22,14745.71946937,1,0,0
Clothing,2023-08-23,17560.9968263,2,0,0
Clothing,2023-08-24,23243.12342459,1,0,0
Clothing,2023-08-25,20778.61081826,1,0,0
Clothing,2023-08-26,15391.6386001,2,0,0
Clothing,2023-08-27,15296.54828591,1,0,0
Clothing,2023-08-28,20037.66370108,1,0,1
Clothing,2023-08-29,15375.429898299999,1,0,1
Clothing,2023-08-30,21996.32029196,1,0,1
Clothing,2023-08-31,20087.21541293,1,0,1
Clothing,2023-09-01,13831.545626699999,1,0,1
Clothing,2023-09-02,18412.13965226,2,0,1
Clothing,2023-09-03,16629.54554389,2,0,1
Clothing,2023-09-04,18598.68405738,2,1,0
Clothing,2023-09-05,25278.39419286,2,0,0
Clothing,2023-09-06,18408.76939478,1,0,0
Clothing,2023-09-07,18813.14656384,2,0,0
Clothing,2023-09-08,21927.84228428,1,0,0
Clothing,2023-09-09,21301.15558773,1,0,0
Clothing,2023-09-10,15161.09770552,1,0,0
Clothing,2023-09-11,14044.40385049,1,0,0
Clothing,2023-09-12,19104.81739226,1,0,0
Clothing,2023-09-13,19403.67680983,2,0,0
Clothing,2023-09-14,13941.92251902,1,0,0
Clothing,2023-09-15,13842.247838947,1,0,0
Clothing,2023-09-16,12825.87446639,1,0,0
Clothing,2023-09-17,21060.06557714,2,0,0
Clothing,2023-09-18,16907.05413499,2,0,0
Clothing,2023-09-19,16150.82142316,2,0,0
Clothing,2023-09-20,18784.45455227,1,0,0
Clothing,2023-09-21,15348.37857047,1,0,0
Clothing,2023-09-22,19821.30524474,2,0,0
Clothing,2023-09-23,14278.670719060001,2,0,0
Clothing,2023-09-24,17159.36879318,2,0,0
Clothing,2023-09-25,13341.83941828,2,0,0
Clothing,2023-09-26,18266.00440236,1,0,0
Clothing,2023-09-27,18940.74641743,1,0,0
Clothing,2023-09-28,13581.456929689999,2,0,0
Clothing,2023-09-29,16172.40913448,1,0,0
Clothing,2023-09-30,16485.00053851,1,0,0
Clothing,2023-10-01,19276.84572306,2,0,0
Clothing,2023-10-02,11410.09403267,1,0,1
Clothing,2023-10-03,24242.26731795,2,0,1
Clothing,2023-10-04,14799.89876786,2,0,1
Clothing,2023-10-05,17376.75242773,1,0,1
Clothing,2023-10-06,12806.68929264,2,0,1
Clothing,2023-10-07,16103.25009788,2,0,1
Clothing,2023-10-08,13814.82783719,2,0,1
Clothing,2023-10-09,18310.41607903,1,1,0
Clothing,2023-10-10,15877.38848858,2,0,0
Clothing,2023-10-11,17959.56537061,2,0,0
Clothing,2023-10-12,15607.040236679999,1,0,0
Clothing,2023-10-13,13515.49362314,2,0,0
Clothing,2023-10-14,18804.34259131,1,0,0
Clothing,2023-10-15,12314.68042244,1,0,0
Clothing,2023-10-16,15847.18614517,2,0,0
Clothing,2023-10-17,13109.54576378,2,0,0
Clothing,2023-10-18,14181.99078281,2,0,0
Clothing,2023-10-19,15599.15271546,1,0,0
Clothing,2023-10-20,16728.93888722,2,0,0
Clothing,2023-10-21,14961.0059883,2,0,0
Clothing,2023-10-22,15452.83603105,1,0,0
Clothing,2023-10-23,19391.29995691,2,0,0
Clothing,2023-10-24,13513.67575823,2,0,0
Clothing,2023-10-25,15983.22465792,2,0,0
Clothing,2023-10-26,13683.93750446,2,0,0
Clothing,2023-10-27,17408.676781306,2,0,0
Clothing,2023-10-28,18249.753749314,2,0,0
Clothing,2023-10-29,17258.02330102,2,0,0
Clothing,2023-10-30,14558.5690878,1,0,0
Clothing,2023-10-31,19826.139712156,2,0,0
Clothing,2023-11-01,18654.45867369,1,0,0
Clothing,2023-11-02,15575.89767327,2,0,0
Clothing,2023-11-03,16339.725032710001,2,0,1
Clothing,2023-11-04,16196.69276376,1,0,1
Clothing,2023-11-05,19186.64083868,1,0,1
Clothing,2023-11-06,16117.879113340001,2,0,1
Clothing,2023-11-07,12123.25615535,1,0,1
Clothing,2023-11-08,12670.97789416,1,0,1
Clothing,2023-11-09,17108.29467274,1,0,1
Clothing,2023-11-10,17496.72779394,1,1,1
Clothing,2023-11-11,15439.522441876,1,1,0
Clothing,2023-11-12,20144.6044332,1,0,0
Clothing,2023-11-13,14426.46514837,1,0,0
Clothing,2023-11-14,17013.72992885,1,0,0
Clothing,2023-11-15,20795.66247343,1,0,0
Clothing,2023-11-16,19839.985327,2,0,1
Clothing,2023-11-17,14223.49410729,1,0,1
Clothing,2023-11-18,20263.96553465,1,0,1
Clothing,2023-11-19,16821.769016539998,2,0,1
Clothing,2023-11-20,13629.863039574,1,0,1
Clothing,2023-11-21,13878.99995759,1,0,1
Clothing,2023-11-22,16779.29289267,1,0,1
Clothing,2023-11-23,19675.01821494,2,1,0
Clothing,2023-11-24,12485.73649819,1,0,0
Clothing,2023-11-25,15956.76274618,2,0,0
Clothing,2023-11-26,17040.23780268,1,0,0
Clothing,2023-11-27,18928.59591725,2,0,0
Clothing,2023-11-28,16337.41392166,1,0,0
Clothing,2023-11-29,14678.34071082,1,0,0
Clothing,2023-11-30,16956.51130346,2,0,0
Clothing,2023-12-01,23249.71318616,2,0,0
Clothing,2023-12-02,18085.401872360002,2,0,0
Clothing,2023-12-03,20033.08189379,2,0,0
Clothing,2023-12-04,19607.68478415,1,0,0
Clothing,2023-12-05,19725.81223144,1,0,0
Clothing,2023-12-06,21512.02720475,2,0,0
Clothing,2023-12-07,14950.5505452,1,0,0
Clothing,2023-12-08,12272.595056,2,0,0
Clothing,2023-12-09,17879.84323601,1,0,0
Clothing,2023-12-10,13148.63164901,1,0,0
Clothing,2023-12-11,15963.17165617,2,0,0
Clothing,2023-12-12,11297.762739,1,0,0
Clothing,2023-12-13,16151.60386935,2,0,0
Clothing,2023-12-14,14473.82415834,1,0,0
Clothing,2023-12-15,19171.27414692,2,0,0
Clothing,2023-12-16,15024.81681287,2,0,0
Clothing,2023-12-17,15649.35516452,2,0,0
Clothing,2023-12-18,15436.88267972,2,0,1
Clothing,2023-12-19,16400.48375326,2,0,1
Clothing,2023-12-20,20924.33990382,2,0,1
Clothing,2023-12-21,16955.472319202,2,0,1
Clothing,2023-12-22,16007.62742761,2,0,1
Clothing,2023-12-23,21739.067592209998,1,0,1
Clothing,2023-12-24,17496.64076121,1,0,1
Clothing,2023-12-25,17295.85375999,2,1,1
Clothing,2023-12-26,16974.25816686,1,0,1
Clothing,2023-12-27,14301.47899042,2,0,1
Clothing,2023-12-28,21879.69798522,1,0,1
Clothing,2023-12-29,18138.73278379,1,0,1
Clothing,2023-12-30,22070.4559937,1,0,1
Clothing,2023-12-31,14697.55805353,2,0,1
Clothing,2024-01-01,14272.26894265,2,1,0
Clothing,2024-01-02,15178.11181572,2,0,0
Clothing,2024-01-03,16072.16735871,2,0,0
Clothing,2024-01-04,16489.74547421,1,0,0
Clothing,2024-01-05,16788.41842198,1,0,0
Clothing,2024-01-06,20461.498753159998,2,0,0
Clothing,2024-01-07,18193.38410491,1,0,0
Clothing,2024-01-08,15706.80319859,2,0,1
Clothing,2024-01-09,18744.6928,2,0,1
Clothing,2024-01-10,17264.62170783,2,0,1
Clothing,2024-01-11,21363.9835336,2,0,1
Clothing,2024-01-12,16463.55057988,2,0,1
Clothing,2024-01-13,21516.984112362,2,0,1
Clothing,2024-01-14,16773.45025706,1,0,1
Clothing,2024-01-15,12989.47528873,1,1,0
Clothing,2024-01-16,21415.01365712,1,0,0
Clothing,2024-01-17,18021.37321282,1,0,0
Clothing,2024-01-18,19567.52070777,2,0,0
Clothing,2024-01-19,15993.04138501,2,0,0
Clothing,2024-01-20,20180.59974159,1,0,0
Clothing,2024-01-21,14131.01031444,2,0,0
Clothing,2024-01-22,14874.723605591,1,0,0
Clothing,2024-01-23,14856.37782792,1,0,0
Clothing,2024-01-24,15499.25408485,1,0,0
Clothing,2024-01-25,15466.26087572,2,0,0
Clothing,2024-01-26,14395.00884722,2,0,0
Clothing,2024-01-27,16044.98416967,2,0,0
Clothing,2024-01-28,12777.081626064,1,0,0
Clothing,2024-01-29,17447.89209265,2,0,0
Clothing,2024-01-30,18516.91405263,1,0,0
Clothing,2024-01-31,18999.0076527,1,0,0
Clothing,2024-02-01,16621.53550082,1,0,0
Clothing,2024-02-02,25247.11523577,1,0,0
Clothing,2024-02-03,19554.21063454,2,0,0
Clothing,2024-02-04,17473.58819204,1,0,0
Clothing,2024-02-05,17775.86472697,1,0,0
Clothing,2024-02-06,16224.848718719,2,0,0
Clothing,2024-02-07,14272.75008438,2,0,0
Clothing,2024-02-08,19231.57310362,1,0,0
Clothing,2024-02-09,15952.45211579,1,0,0
Clothing,2024-02-10,13623.45933375,1,0,0
Clothing,2024-02-11,13521.17956591,2,0,0
Clothing,2024-02-12,16807.30747595,2,0,1
Clothing,2024-02-13,19921.240832,1,0,1
Clothing,2024-02-14,23394.94249188,1,0,1
Clothing,2024-02-15,18045.79131227,2,0,1
Clothing,2024-02-16,15925.08468036,1,0,1
Clothing,2024-02-17,15922.8801303,1,0,1
Clothing,2024-02-18,21022.8267576,2,0,1
Clothing,2024-02-19,14726.62035879,2,1,0
Clothing,2024-02-20,17916.34815662,2,0,0
Clothing,2024-02-21,17443.753709829998,2,0,0
Clothing,2024-02-22,15742.71980589,2,0,0
Clothing,2024-02-23,15335.156743630001,1,0,0
Clothing,2024-02-24,17912.90652247,1,0,0
Clothing,2024-02-25,13810.861837299999,1,0,0
Clothing,2024-02-26,15190.4424511,1,0,0
Clothing,2024-02-27,17341.04923793,1,0,0
Clothing,2024-02-28,20797.32057031,1,0,0
Clothing,2024-02-29,18795.75998121,2,0,0
Clothing,2024-03-01,18240.13364132,2,0,0
Clothing,2024-03-02,20362.08326683,2,0,0
Clothing,2024-03-03,18497.68413126,1,0,0
Clothing,2024-03-04,14647.21686849,2,0,0
Clothing,2024-03-05,18387.50035124,1,0,0
Clothing,2024-03-06,15483.51746133,1,0,0
Clothing,2024-03-07,12529.02241472,2,0,0
Clothing,2024-03-08,15511.94552042,1,0,0
Clothing,2024-03-09,20035.30108657,1,0,0
Clothing,2024-03-10,17453.48174549,1,0,0
Clothing,2024-03-11,16198.68666905,1,0,0
Clothing,2024-03-12,20355.48181443,2,0,0
Clothing,2024-03-13,18161.12824691,2,0,0
Clothing,2024-03-14,16845.3321409,1,0,0
Clothing,2024-03-15,20792.74012627,2,0,0
Clothing,2024-03-16,20475.94146465,2,0,0
Clothing,2024-03-17,16864.67803078,2,0,0
Clothing,2024-03-18,20813.02915574,2,0,0
Clothing,2024-03-19,16453.623751529998,1,0,0
Clothing,2024-03-20,14229.37726173,2,0,0
Clothing,2024-03-21,19284.9805835,1,0,0
Clothing,2024-03-22,13386.97759075,1,0,0
Clothing,2024-03-23,20203.165455312,1,0,0
Clothing,2024-03-24,12533.54003781,2,0,0
Clothing,2024-03-25,18452.2037183,2,0,0
Clothing,2024-03-26,14004.621007220001,2,0,0
Clothing,2024-03-27,16275.60699129,1,0,0
Clothing,2024-03-28,15309.41298771,1,0,0
Clothing,2024-03-29,14515.54730614,1,0,0
Clothing,2024-03-30,16532.50787316,2,0,0
Clothing,2024-03-31,15007.76466672,2,0,0
Clothing,2024-04-01,16124.1937775,1,0,0
Clothing,2024-04-02,17945.546845329998,1,0,0
Clothing,2024-04-03,16282.477213318,1,0,0
Clothing,2024-04-04,23715.68634137,1,0,0
Clothing,2024-04-05,22398.255210029998,2,0,0
Clothing,2024-04-06,15633.72873641,2,0,0
Clothing,2024-04-07,17339.95966217,2,0,0
Clothing,2024-04-08,13876.45331734,2,0,0
Clothing,2024-04-09,17856.78727226,2,0,0
Clothing,2024-04-10,14531.20944549,1,0,0
Clothing,2024-04-11,13446.45447891,1,0,0
Clothing,2024-04-12,15666.5194737,2,0,0
Clothing,2024-04-13,18449.02787053,1,0,0
Clothing,2024-04-14,17495.84615974,2,0,0
Clothing,2024-04-15,20725.5631788,2,0,0
Clothing,2024-04-16,17845.67377372,1,0,0
Clothing,2024-04-17,13772.62217404,1,0,0
Clothing,2024-04-18,17253.4630515,2,0,0
Clothing,2024-04-19,16785.0423907,1,0,0
Clothing,2024-04-20,14514.58777136,1,0,0
Clothing,2024-04-21,20299.12206357,1,0,0
Clothing,2024-04-22,14938.08747017,1,0,0
Clothing,2024-04-23,16310.441257210001,2,0,0
Clothing,2024-04-24,16998.793725661,2,0,0
Clothing,2024-04-25,17096.27448961,2,0,0
Clothing,2024-04-26,20064.09049623,2,0,0
Clothing,2024-04-27,15422.33532348,1,0,0
Clothing,2024-04-28,13912.866351370001,2,0,0
Electronics,2023-04-29,632.94234261,1,0,0
Electronics,2023-04-30,15138.39108752,1,0,0
Electronics,2023-05-01,11363.395254340001,2,0,0
Electronics,2023-05-02,20109.22812781,1,0,0
Electronics,2023-05-03,17693.39155155,2,0,0
Electronics,2023-05-04,18315.886382392,2,0,0
Electronics,2023-05-05,15076.90183147,2,0,0
Electronics,2023-05-06,16620.95691375,2,0,0
Electronics,2023-05-07,20927.058718663,1,0,0
Electronics,2023-05-08,18133.13020339,2,0,0
Electronics,2023-05-09,18190.404020640002,1,0,0
Electronics,2023-05-10,19444.11938354,2,0,0
Electronics,2023-05-11,14813.12211805,2,0,0
Electronics,2023-05-12,16644.60223466,2,0,0
Electronics,2023-05-13,18178.44188809,2,0,0
Electronics,2023-05-14,19997.078338011,1,0,0
Electronics,2023-05-15,18702.99758734,1,0,0
Electronics,2023-05-16,11924.24483873,1,0,0
Electronics,2023-05-17,15639.47308585,2,0,0
Electronics,2023-05-18,17025.16380755,2,0,0
Electronics,2023-05-19,12704.47528173,2,0,0
Electronics,2023-05-20,15449.28433942,1,0,0
Electronics,2023-05-21,19678.43184569,1,0,0
Electronics,2023-05-22,16548.657059010002,2,0,1
Electronics,2023-05-23,12355.36303633,2,0,1
Electronics,2023-05-24,19808.63961587,1,0,1
Electronics,2023-05-25,22359.99409822,1,0,1
Electronics,2023-05-26,19161.20908926,1,0,1
Electronics,2023-05-27,17974.80650441,1,0,1
Electronics,2023-05-28,19617.09097532,1,0,1
Electronics,2023-05-29,20169.19745124,1,1,0
Electronics,2023-05-30,14808.11340884,1,0,0
Electronics,2023-05-31,15892.0040639,1,0,0
Electronics,2023-06-01,19322.7301583,1,0,0
Electronics,2023-06-02,17548.17373695,2,0,0
Electronics,2023-06-03,18078.958529210002,1,0,0
Electronics,2023-06-04,16008.31768226,2,0,0
Electronics,2023-06-05,20107.962106357,1,0,0
Electronics,2023-06-06,13542.031548443,1,0,0
Electronics,2023-06-07,10374.61104604,2,0,0
Electronics,2023-06-08,14536.484009643,1,0,0
Electronics,2023-06-09,18881.33435782,1,0,0
Electronics,2023-06-10,17173.53322614,2,0,0
Electronics,2023-06-11,19896.208108898,2,0,0
Electronics,2023-06-12,20837.2994888,1,0,1
Electronics,2023-06-13,19916.82303785,2,0,1
Electronics,2023-06-14,17311.75872686,2,0,1
Electronics,2023-06-15,18793.10017697,1,0,1
Electronics,2023-06-16,20280.25463673,1,0,1
Electronics,2023-06-17,13534.11207617,1,0,1
Electronics,2023-06-18,14128.11372685,1,0,1
Electronics,2023-06-19,14868.22629053,2,1,0
Electronics,2023-06-20,22379.18545401,1,0,0
Electronics,2023-06-21,13161.74261117,1,0,0
Electronics,2023-06-22,11904.98277906,2,0,0
Electronics,2023-06-23,13590.15988794,2,0,0
Electronics,2023-06-24,16461.98026118,1,0,0
Electronics,2023-06-25,18497.94887889,2,0,0
Electronics,2023-06-26,17318.20367845,2,0,0
Electronics,2023-06-27,15700.14684086,1,0,1
Electronics,2023-06-28,16506.20545026,2,0,1
Electronics,2023-06-29,23150.23335414,1,0,1
Electronics,2023-06-30,18329.22970355,2,0,1
Electronics,2023-07-01,16484.90102261,1,0,1
Electronics,2023-07-02,17260.03853884,2,0,1
Electronics,2023-07-03,21579.84619498,1,0,1
Electronics,2023-07-04,16162.595695082,1,1,0
Electronics,2023-07-05,18026.831099,2,0,0
Electronics,2023-07-06,17098.66357575,2,0,0
Electronics,2023-07-07,16467.55049327,2,0,0
Electronics,2023-07-08,16380.974059949,2,0,0
Electronics,2023-07-09,15613.39253998,1,0,0
Electronics,2023-07-10,17684.10872318,1,0,0
Electronics,2023-07-11,15721.21466925,2,0,0
Electronics,2023-07-12,19762.32949371,2,0,0
Electronics,2023-07-13,17738.575841683,2,0,0
Electronics,2023-07-14,17550.42098979,2,0,0
Electronics,2023-07-15,19366.07354788,2,0,0
Electronics,2023-07-16,13438.39420721,1,0,0
Electronics,2023-07-17,14952.05271744,2,0,0
Electronics,2023-07-18,20928.49707044,2,0,0
Electronics,2023-07-19,15880.29802163,2,0,0
Electronics,2023-07-20,16650.253210883002,1,0,0
Electronics,2023-07-21,14483.21397898,2,0,0
Electronics,2023-07-22,15763.906574691,1,0,0
Electronics,2023-07-23,15017.19177949,2,0,0
Electronics,2023-07-24,15689.123295039999,1,0,0
Electronics,2023-07-25,17409.52509256,1,0,0
Electronics,2023-07-26,14867.97876536,2,0,0
Electronics,2023-07-27,17815.08951253,2,0,0
Electronics,2023-07-28,15452.08834735,2,0,0
Electronics,2023-07-29,13864.29008628,2,0,0
Electronics,2023-07-30,16139.35984187,1,0,0
Electronics,2023-07-31,18153.32039806,2,0,0
Electronics,2023-08-01,18871.52301848,1,0,0
Electronics,2023-08-02,17580.942283555,1,0,0
Electronics,2023-08-03,20129.30190378,2,0,0
Electronics,2023-08-04,16264.08621287,1,0,0
Electronics,2023-08-05,12680.72209287,2,0,0
Electronics,2023-08-06,16831.7662725,2,0,0
Electronics,2023-08-07,15901.25945501,1,0,0
Electronics,2023-08-08,13805.846788017001,2,0,0
Electronics,2023-08-09,18115.07703461,1,0,0
Electronics,2023-08-10,14017.42726512,2,0,0
Electronics,2023-08-11,14709.78841431,1,0,0
Electronics,2023-08-12,15692.86577741,1,0,0
Electronics,2023-08-13,21349.84525408,2,0,0
Electronics,2023-08-14,20107.33817141,2,0,0
Electronics,2023-08-15,19972.552613572,2,0,0
Electronics,2023-08-16,17262.11300255,2,0,0
Electronics,2023-08-17,16482.517497419998,2,0,0
Electronics,2023-08-18,17461.11057773,2,0,0
Electronics,2023-08-19,14055.130270771,2,0,0
Electronics,2023-08-20,15169.48841741,1,0,0
Electronics,2023-08-21,17814.83187617,1,0,0
Electronics,2023-08-22,10507.73177743,2,0,0
Electronics,2023-08-23,15276.75875766,2,0,0
Electronics,2023-08-24,17621.61172683,1,0,0
Electronics,2023-08-25,17059.49796767,2,0,0
Electronics,2023-08-26,19036.47431963,2,0,0
Electronics,2023-08-27,16622.90007361,2,0,0
Electronics,2023-08-28,15660.13119219,2,0,1
Electronics,2023-08-29,13136.38827245,2,0,1
Electronics,2023-08-30,20816.879934110002,1,0,1
Electronics,2023-08-31,21353.684346377002,2,0,1
Electronics,2023-09-01,12518.68724811,1,0,1
Electronics,2023-09-02,17400.606277939998,2,0,1
Electronics,2023-09-03,17062.86936679,1,0,1
Electronics,2023-09-04,20731.90169887,2,1,0
Electronics,2023-09-05,14865.282466509,2,0,0
Electronics,2023-09-06,18227.79359537,2,0,0
Electronics,2023-09-07,18625.762744314,2,0,0
Electronics,2023-09-08,17511.390953067,2,0,0
Electronics,2023-09-09,18909.23236774,2,0,0
Electronics,2023-09-10,18432.377557783,2,0,0
Electronics,2023-09-11,12073.40632739,1,0,0
Electronics,2023-09-12,14776.50381205,2,0,0
Electronics,2023-09-13,15840.04854907,1,0,0
Electronics,2023-09-14,16661.97170013,1,0,0
Electronics,2023-09-15,22479.23899476,2,0,0
Electronics,2023-09-16,18868.88598093,1,0,0
Electronics,2023-09-17,16689.54575288,1,0,0
Electronics,2023-09-18,13322.18767248,1,0,0
Electronics,2023-09-19,15812.13758954,1,0,0
Electronics,2023-09-20,15966.86744902,1,0,0
Electronics,2023-09-21,18017.985847085,2,0,0
Electronics,2023-09-22,20923.35633459,2,0,0
Electronics,2023-09-23,15815.54630147,2,0,0
Electronics,2023-09-24,22289.62625491,2,0,0
Electronics,2023-09-25,14122.20064104,2,0,0
Electronics,2023-09-26,16482.52417842,1,0,0
Electronics,2023-09-27,14755.4773778,1,0,0
Electronics,2023-09-28,23615.75999133,1,0,0
Electronics,2023-09-29,16565.37962094,1,0,0
Electronics,2023-09-30,15694.76984351,1,0,0
Electronics,2023-10-01,15540.02837007,2,0,0
Electronics,2023-10-02,19743.02905939,2,0,1
Electronics,2023-10-03,19326.17908149,1,0,1
Electronics,2023-10-04,19504.96341705,1,0,1
Electronics,2023-10-05,15958.99873393,1,0,1
Electronics,2023-10-06,21999.160779,1,0,1
Electronics,2023-10-07,15469.02513979,2,0,1
Electronics,2023-10-08,15121.66293489,2,0,1
Electronics,2023-10-09,15159.85470665,2,1,0
Electronics,2023-10-10,16657.321034465,1,0,0
Electronics,2023-10-11,19396.55018646,1,0,0
Electronics,2023-10-12,22543.30831031,1,0,0
Electronics,2023-10-13,17606.952023118,1,0,0
Electronics,2023-10-14,16080.9384156,2,0,0
Electronics,2023-10-15,18444.31048184,2,0,0
Electronics,2023-10-16,15479.19518863,2,0,0
Electronics,2023-10-17,12953.57665433,1,0,0
Electronics,2023-10-18,16944.1202641,1,0,0
Electronics,2023-10-19,19005.665309480002,2,0,0
Electronics,2023-10-20,14502.46002643,2,0,0
Electronics,2023-10-21,20370.155670776,1,0,0
Electronics,2023-10-22,14227.640063410001,1,0,0
Electronics,2023-10-23,14724.61347607,2,0,0
Electronics,2023-10-24,17713.53066242,1,0,0
Electronics,2023-10-25,17666.81716646,1,0,0
Electronics,2023-10-26,20099.5574082,2,0,0
Electronics,2023-10-27,20912.7499966,1,0,0
Electronics,2023-10-28,21929.89480867,2,0,0
Electronics,2023-10-29,15390.54666606,2,0,0
Electronics,2023-10-30,17575.790941119998,2,0,0
Electronics,2023-10-31,18799.16263164,1,0,0
Electronics,2023-11-01,18067.41284547,2,0,0
Electronics,2023-11-02,18364.56675725,1,0,0
Electronics,2023-11-03,21942.39230829,1,0,1
Electronics,2023-11-04,19174.204678219998,1,0,1
Electronics,2023-11-05,18700.17605033,1,0,1
Electronics,2023-11-06,15567.23695955,1,0,1
Electronics,2023-11-07,15632.1951611,1,0,1
Electronics,2023-11-08,19075.37277315,1,0,1
Electronics,2023-11-09,16809.42388399,1,0,1
Electronics,2023-11-10,11859.85881084,1,1,1
Electronics,2023-11-11,16772.05235064,1,1,0
Electronics,2023-11-12,16634.05474291,2,0,0
Electronics,2023-11-13,16191.67035176,2,0,0
Electronics,2023-11-14,13363.48466442,2,0,0
Electronics,2023-11-15,20495.45514363,1,0,0
Electronics,2023-11-16,21415.24244303,1,0,1
Electronics,2023-11-17,19256.585630730002,2,0,1
Electronics,2023-11-18,19367.91409032,1,0,1
Electronics,2023-11-19,17320.60584709,1,0,1
Electronics,2023-11-20,16675.10411726,2,0,1
Electronics,2023-11-21,16398.66151542,2,0,1
Electronics,2023-11-22,20383.87608811,1,0,1
Electronics,2023-11-23,22159.6865927,2,1,0
Electronics,2023-11-24,12496.3025045,2,0,0
Electronics,2023-11-25,19678.63508081,2,0,0
Electronics,2023-11-26,12787.94719347,1,0,0
Electronics,2023-11-27,18869.81638548,1,0,0
Electronics,2023-11-28,19071.73220458,2,0,0
Electronics,2023-11-29,13588.68657068,2,0,0
Electronics,2023-11-30,18968.849474539,1,0,0
Electronics,2023-12-01,16784.24205332,2,0,0
Electronics,2023-12-02,17119.22750096,2,0,0
Electronics,2023-12-03,15131.2868552,1,0,0
Electronics,2023-12-04,13547.01568813,1,0,0
Electronics,2023-12-05,14030.04664631,2,0,0
Electronics,2023-12-06,17050.47670221,1,0,0
Electronics,2023-12-07,13963.62895228,1,0,0
Electronics,2023-12-08,16629.05213061,2,0,0
Electronics,2023-12-09,19032.17904971,1,0,0
Electronics,2023-12-10,14169.30474914,2,0,0
Electronics,2023-12-11,19061.86287638,2,0,0
Electronics,2023-12-12,13971.20658968,1,0,0
Electronics,2023-12-13,18612.88409598,2,0,0
Electronics,2023-12-14,16872.10219926,1,0,0
Electronics,2023-12-15,21263.34023459,2,0,0
Electronics,2023-12-16,15188.40722698,2,0,0
Electronics,2023-12-17,18981.79120246,1,0,0
Electronics,2023-12-18,19194.25078812,1,0,1
Electronics,2023-12-19,14678.2843403,1,0,1
Electronics,2023-12-20,15722.49108861,2,0,1
Electronics,2023-12-21,16526.3727818,1,0,1
Electronics,2023-12-22,21868.7060732,2,0,1
Electronics,2023-12-23,16659.44688735,2,0,1
Electronics,2023-12-24,18626.98264588,2,0,1
Electronics,2023-12-25,15498.732458534,1,1,1
Electronics,2023-12-26,16990.95113793,1,0,1
Electronics,2023-12-27,19868.87215565,2,0,1
Electronics,2023-12-28,12851.17010191,2,0,1
Electronics,2023-12-29,19267.91202754,1,0,1
Electronics,2023-12-30,14393.80838751,2,0,1
Electronics,2023-12-31,15935.85361686,1,0,1
Electronics,2024-01-01,16298.22751022,1,1,0
Electronics,2024-01-02,15981.241179113,2,0,0
Electronics,2024-01-03,18633.857541669,2,0,0
Electronics,2024-01-04,16484.135188555,2,0,0
Electronics,2024-01-05,14085.98695271,2,0,0
Electronics,2024-01-06,16979.98517736,1,0,0
Electronics,2024-01-07,18858.70830146,1,0,0
Electronics,2024-01-08,13840.91916445,1,0,1
Electronics,2024-01-09,15902.49135581,1,0,1
Electronics,2024-01-10,16880.57300101,2,0,1
Electronics,2024-01-11,13298.06932149,2,0,1
Electronics,2024-01-12,16314.08894653,2,0,1
Electronics,2024-01-13,19399.07269839,1,0,1
Electronics,2024-01-14,16954.98797908,1,0,1
Electronics,2024-01-15,16892.69681898,1,1,0
Electronics,2024-01-16,21826.7535226,2,0,0
Electronics,2024-01-17,16286.72666669,2,0,0
Electronics,2024-01-18,18144.370217030002,1,0,0
Electronics,2024-01-19,19465.0456641,1,0,0
Electronics,2024-01-20,16968.33861546,2,0,0
Electronics,2024-01-21,21743.088116674,1,0,0
Electronics,2024-01-22,19788.81973367,1,0,0
Electronics,2024-01-23,15570.43137884,2,0,0
Electronics,2024-01-24,19343.60604993,2,0,0
Electronics,2024-01-25,14159.40124341,2,0,0
Electronics,2024-01-26,15042.21300333,2,0,0
Electronics,2024-01-27,15462.92474064,2,0,0
Electronics,2024-01-28,16472.415634150002,1,0,0
Electronics,2024-01-29,16741.59209332,2,0,0
Electronics,2024-01-30,20824.78749776,2,0,0
Electronics,2024-01-31,17805.90177878,2,0,0
Electronics,2024-02-01,21652.04167645,2,0,0
Electronics,2024-02-02,18916.62050822,1,0,0
Electronics,2024-02-03,16105.50346002,2,0,0
Electronics,2024-02-04,18885.32384882,2,0,0
Electronics,2024-02-05,18673.23376299,1,0,0
Electronics,2024-02-06,15548.97160052,1,0,0
Electronics,2024-02-07,22302.5483478,1,0,0
Electronics,2024-02-08,15951.28059273,1,0,0
Electronics,2024-02-09,20088.167087499998,2,0,0
Electronics,2024-02-10,14731.410409170001,1,0,0
Electronics,2024-02-11,14284.22603182,2,0,0
Electronics,2024-02-12,10247.87621167,2,0,1
Electronics,2024-02-13,13944.39453421,2,0,1
Electronics,2024-02-14,17035.655640167,1,0,1
Electronics,2024-02-15,14599.921070552,1,0,1
Electronics,2024-02-16,16037.65841272,1,0,1
Electronics,2024-02-17,17819.69007054,2,0,1
Electronics,2024-02-18,20213.65508913,1,0,1
Electronics,2024-02-19,16824.00149199,2,1,0
Electronics,2024-02-20,20006.38185436,1,0,0
Electronics,2024-02-21,18861.546022014,1,0,0
Electronics,2024-02-22,17179.1629942,1,0,0
Electronics,2024-02-23,15432.430394689,2,0,0
Electronics,2024-02-24,11925.88525482,1,0,0
Electronics,2024-02-25,17040.38017797,2,0,0
Electronics,2024-02-26,17413.30297223,1,0,0
Electronics,2024-02-27,16054.89220797,1,0,0
Electronics,2024-02-28,13318.56577462,2,0,0
Electronics,2024-02-29,16599.36616192,2,0,0
Electronics,2024-03-01,18340.94859647,2,0,0
Electronics,2024-03-02,12761.63588267,2,0,0
Electronics,2024-03-03,15363.5293254,2,0,0
Electronics,2024-03-04,12242.65108393,1,0,0
Electronics,2024-03-05,21864.26373278,1,0,0
Electronics,2024-03-06,17416.32778189,1,0,0
Electronics,2024-03-07,13127.43681702,1,0,0
Electronics,2024-03-08,15111.75602887,2,0,0
Electronics,2024-03-09,18792.11850713,1,0,0
Electronics,2024-03-10,17419.20259714,2,0,0
Electronics,2024-03-11,16462.01670356,2,0,0
Electronics,2024-03-12,20171.548081613,2,0,0
Electronics,2024-03-13,17370.75490492,2,0,0
Electronics,2024-03-14,17494.76301639,2,0,0
Electronics,2024-03-15,20246.80312353,1,0,0
Electronics,2024-03-16,16865.60771894,1,0,0
Electronics,2024-03-17,18135.87238932,1,0,0
Electronics,2024-03-18,16312.06822813,1,0,0
Electronics,2024-03-19,20492.88178606,2,0,0
Electronics,2024-03-20,14094.93807166,1,0,0
Electronics,2024-03-21,15277.80419667,2,0,0
Electronics,2024-03-22,15480.67751878,2,0,0
Electronics,2024-03-23,20430.33022436,1,0,0
Electronics,2024-03-24,16125.70190475,1,0,0
Electronics,2024-03-25,15108.00856623,2,0,0
Electronics,2024-03-26,17123.31748172,1,0,0
Electronics,2024-03-27,16033.1307745,1,0,0
Electronics,2024-03-28,15570.406549,1,0,0
Electronics,2024-03-29,15168.04519818,1,0,0
Electronics,2024-03-30,16586.35733156,1,0,0
Electronics,2024-03-31,18440.140439567,1,0,0
Electronics,2024-04-01,14776.60452035,1,0,0
Electronics,2024-04-02,14159.18027663,2,0,0
Electronics,2024-04-03,13240.41783591,2,0,0
Electronics,2024-04-04,17276.06626245,1,0,0
Electronics,2024-04-05,16677.19589465,1,0,0
Electronics,2024-04-06,21716.64277192,1,0,0
Electronics,2024-04-07,13236.425161090001,2,0,0
Electronics,2024-04-08,13993.32522744,2,0,0
Electronics,2024-04-09,19069.580125862,1,0,0
Electronics,2024-04-10,18601.30587625,1,0,0
Electronics,2024-04-11,17286.55944457,1,0,0
Electronics,2024-04-12,15075.28874275,1,0,0
Electronics,2024-04-13,15241.55194369,1,0,0
Electronics,2024-04-14,19286.80598715,1,0,0
Electronics,2024-04-15,15237.93739459,1,0,0
Electronics,2024-04-16,18283.668923888,1,0,0
Electronics,2024-04-17,17391.64573157,1,0,0
Electronics,2024-04-18,13141.42781325,1,0,0
Electronics,2024-04-19,18486.20813883,2,0,0
Electronics,2024-04-20,15304.52280876,1,0,0
Electronics,2024-04-21,14025.79625359,2,0,0
Electronics,2024-04-22,16283.61500771,1,0,0
Electronics,2024-04-23,13983.80776288,1,0,0
Electronics,2024-04-24,15290.90748623,2,0,0
Electronics,2024-04-25,16369.166402491,1,0,0
Electronics,2024-04-26,13727.52759498,1,0,0
Electronics,2024-04-27,14515.659711053,2,0,0
Electronics,2024-04-28,10983.20574906,1,0,0
Home Decor,2023-04-29,320.5688184,0,0,0
Home Decor,2023-04-30,12224.4657172,2,0,0
Home Decor,2023-05-01,18651.50353012,2,0,0
Home Decor,2023-05-02,18898.78113554,2,0,0
Home Decor,2023-05-03,14481.11120767,1,0,0
Home Decor,2023-05-04,18088.38952143,2,0,0
Home Decor,2023-05-05,19943.13573503,1,0,0
Home Decor,2023-05-06,15648.17147437,1,0,0
Home Decor,2023-05-07,15498.7740207,2,0,0
Home Decor,2023-05-08,19804.051572743,2,0,0
Home Decor,2023-05-09,17281.61396895,2,0,0
Home Decor,2023-05-10,19050.57975805,2,0,0
Home Decor,2023-05-11,20628.22624026,2,0,0
Home Decor,2023-05-12,17325.38309902,2,0,0
Home Decor,2023-05-13,16209.564784459999,1,0,0
Home Decor,2023-05-14,13383.99698052,2,0,0
Home Decor,2023-05-15,16323.79830087,1,0,0
Home Decor,2023-05-16,14500.441300774,1,0,0
Home Decor,2023-05-17,14192.95024582,1,0,0
Home Decor,2023-05-18,13757.28074879,2,0,0
Home Decor,2023-05-19,15108.45245668,1,0,0
Home Decor,2023-05-20,13555.653246,1,0,0
Home Decor,2023-05-21,19506.85102399,2,0,0
Home Decor,2023-05-22,14484.42864795,2,0,1
Home Decor,2023-05-23,18789.23118348,2,0,1
Home Decor,2023-05-24,13117.52489421,1,0,1
Home Decor,2023-05-25,22111.24962269,1,0,1
Home Decor,2023-05-26,16602.95339546,1,0,1
Home Decor,2023-05-27,13778.30553264,2,0,1
Home Decor,2023-05-28,15541.69473048,1,0,1
Home Decor,2023-05-29,13177.4151445,2,1,0
Home Decor,2023-05-30,16671.71353027,1,0,0
Home Decor,2023-05-31,15804.75204972,2,0,0
Home Decor,2023-06-01,13509.902157244,2,0,0
Home Decor,2023-06-02,15939.88581034,1,0,0
Home Decor,2023-06-03,15868.54328948,2,0,0
Home Decor,2023-06-04,18507.20057281,1,0,0
Home Decor,2023-06-05,22419.43259244,1,0,0
Home Decor,2023-06-06,14025.61915895,2,0,0
Home Decor,2023-06-07,12260.624677188,1,0,0
Home Decor,2023-06-08,13542.69711003,2,0,0
Home Decor,2023-06-09,16707.6705923,2,0,0
Home Decor,2023-06-10,16456.87700935,1,0,0
Home Decor,2023-06-11,15145.5095406,1,0,0
Home Decor,2023-06-12,15655.44690128,1,0,1
Home Decor,2023-06-13,18912.37500177,2,0,1
Home Decor,2023-06-14,23390.8967241,1,0,1
Home Decor,2023-06-15,11976.75434106,2,0,1
Home Decor,2023-06-16,22823.574824659998,2,0,1
Home Decor,2023-06-17,20917.559670003,2,0,1
Home Decor,2023-06-18,15883.90119001,2,0,1
Home Decor,2023-06-19,16656.29770989,1,1,0
Home Decor,2023-06-20,14939.36448962,1,0,0
Home Decor,2023-06-21,17293.632929299998,2,0,0
Home Decor,2023-06-22,19971.47875068,1,0,0
Home Decor,2023-06-23,20280.35198762,2,0,0
Home Decor,2023-06-24,16487.62566665,1,0,0
Home Decor,2023-06-25,15959.44607606,2,0,0
Home Decor,2023-06-26,17770.84321836,1,0,0
Home Decor,2023-06-27,15262.74600197,1,0,1
Home Decor,2023-06-28,20121.274351949,2,0,1
Home Decor,2023-06-29,16113.64187475,1,0,1
Home Decor,2023-06-30,15779.32219086,2,0,1
Home Decor,2023-07-01,16447.19315776,2,0,1
Home Decor,2023-07-02,22835.76201044,1,0,1
Home Decor,2023-07-03,17679.56833931,1,0,1
Home Decor,2023-07-04,17611.79228295,2,1,0
Home Decor,2023-07-05,16597.21651971,2,0,0
Home Decor,2023-07-06,16129.43936124,1,0,0
Home Decor,2023-07-07,23287.00961928,2,0,0
Home Decor,2023-07-08,18806.22819129,1,0,0
Home Decor,2023-07-09,17486.9073423,1,0,0
Home Decor,2023-07-10,12101.59505126,2,0,0
Home Decor,2023-07-11,14979.34667361,2,0,0
Home Decor,2023-07-12,17313.006226131,2,0,0
Home Decor,2023-07-13,21197.39193392,1,0,0
Home Decor,2023-07-14,17131.51699889,2,0,0
Home Decor,2023-07-15,14187.94348088,2,0,0
Home Decor,2023-07-16,14618.12148021,1,0,0
Home Decor,2023-07-17,16161.98603602,2,0,0
Home Decor,2023-07-18,21109.73947371,1,0,0
Home Decor,2023-07-19,21682.550911037,2,0,0
Home Decor,2023-07-20,18648.99361602,1,0,0
Home Decor,2023-07-21,16822.88662314,1,0,0
Home Decor,2023-07-22,20788.114472369998,1,0,0
Home Decor,2023-07-23,14711.28525679,2,0,0
Home Decor,2023-07-24,13700.00011395,2,0,0
Home Decor,2023-07-25,17616.82305701,2,0,0
Home Decor,2023-07-26,19021.29702646,2,0,0
Home Decor,2023-07-27,16125.02162032,1,0,0
Home Decor,2023-07-28,19386.76553515,2,0,0
Home Decor,2023-07-29,18427.384699756,1,0,0
Home Decor,2023-07-30,15277.551350060001,2,0,0
Home Decor,2023-07-31,17663.36464546,1,0,0
Home Decor,2023-08-01,20230.56582406,2,0,0
Home Decor,2023-08-02,19567.06601371,2,0,0
Home Decor,2023-08-03,19403.70411584,1,0,0
Home Decor,2023-08-04,16232.97941703,1,0,0
Home Decor,2023-08-05,17982.9822422,2,0,0
Home Decor,2023-08-06,14114.70686961,2,0,0
Home Decor,2023-08-07,16128.62254968,2,0,0
Home Decor,2023-08-08,10827.157391,1,0,0
Home Decor,2023-08-09,18772.21485151,2,0,0
Home Decor,2023-08-10,15742.89720911,2,0,0
Home Decor,2023-08-11,12772.81139199,2,0,0
Home Decor,2023-08-12,16138.28243615,1,0,0
Home Decor,2023-08-13,16256.37367347,1,0,0
Home Decor,2023-08-14,16017.6478261,2,0,0
Home Decor,2023-08-15,15053.53547145,1,0,0
Home Decor,2023-08-16,13196.79583993,2,0,0
Home Decor,2023-08-17,14145.87339415,1,0,0
Home Decor,2023-08-18,15273.64482188,1,0,0
Home Decor,2023-08-19,13077.03554765,1,0,0
Home Decor,2023-08-20,17503.24657451,1,0,0
Home Decor,2023-08-21,22538.67214785,1,0,0
Home Decor,2023-08-22,12251.61031391,2,0,0
Home Decor,2023-08-23,18846.50163767,2,0,0
Home Decor,2023-08-24,19063.22218581,2,0,0
Home Decor,2023-08-25,15493.38953327,2,0,0
Home Decor,2023-08-26,15663.252729419999,2,0,0
Home Decor,2023-08-27,12666.52773258,2,0,0
Home Decor,2023-08-28,15254.90049471,1,0,1
Home Decor,2023-08-29,19001.478112920002,1,0,1
Home Decor,2023-08-30,15169.71096029,1,0,1
Home Decor,2023-08-31,16001.75269547,1,0,1
Home Decor,2023-09-01,15400.42385901,1,0,1
Home Decor,2023-09-02,20770.53693691,2,0,1
Home Decor,2023-09-03,17722.29185541,2,0,1
Home Decor,2023-09-04,14425.17648844,1,1,0
Home Decor,2023-09-05,19258.5931952,1,0,0
Home Decor,2023-09-06,18212.05710877,2,0,0
Home Decor,2023-09-07,17867.75961623,1,0,0
Home Decor,2023-09-08,16220.872346351,1,0,0
Home Decor,2023-09-09,19109.52625051,1,0,0
Home Decor,2023-09-10,14048.38932041,1,0,0
Home Decor,2023-09-11,13566.92189459,2,0,0
Home Decor,2023-09-12,17614.29029843,2,0,0
Home Decor,2023-09-13,13996.99040169,1,0,0
Home Decor,2023-09-14,17811.98895944,1,0,0
Home Decor,2023-09-15,16893.30474117,1,0,0
Home Decor,2023-09-16,17192.84386398,1,0,0
Home Decor,2023-09-17,22046.64243724,2,0,0
Home Decor,2023-09-18,16253.95708021,2,0,0
Home Decor,2023-09-19,19781.73770621,2,0,0
Home Decor,2023-09-20,17595.50195005,1,0,0
Home Decor,2023-09-21,12619.23965762,2,0,0
Home Decor,2023-09-22,16897.93053398,2,0,0
Home Decor,2023-09-23,16034.96628792,1,0,0
Home Decor,2023-09-24,19230.24834399,1,0,0
Home Decor,2023-09-25,17210.27489624,2,0,0
Home Decor,2023-09-26,18784.36609708,1,0,0
Home Decor,2023-09-27,13827.84277098,2,0,0
Home Decor,2023-09-28,21590.12205908,1,0,0
Home Decor,2023-09-29,17137.39054578,1,0,0
Home Decor,2023-09-30,15093.8515125,2,0,0
Home Decor,2023-10-01,14609.25888487,2,0,0
Home Decor,2023-10-02,21092.25423544,2,0,1
Home Decor,2023-10-03,17789.79544084,2,0,1
Home Decor,2023-10-04,15172.08225627,2,0,1
Home Decor,2023-10-05,11306.614932884,1,0,1
Home Decor,2023-10-06,19659.57023596,1,0,1
Home Decor,2023-10-07,15014.73565635,1,0,1
Home Decor,2023-10-08,17292.36869942,2,0,1
Home Decor,2023-10-09,9879.57818429,2,1,0
Home Decor,2023-10-10,13725.81647583,2,0,0
Home Decor,2023-10-11,15780.36097346,1,0,0
Home Decor,2023-10-12,17438.2156226,2,0,0
Home Decor,2023-10-13,19349.34770438,2,0,0
Home Decor,2023-10-14,16263.20029835,2,0,0
Home Decor,2023-10-15,18253.974619125,1,0,0
Home Decor,2023-10-16,16794.00085263,2,0,0
Home Decor,2023-10-17,14686.08536599,2,0,0
Home Decor,2023-10-18,16950.67560204,1,0,0
Home Decor,2023-10-19,21432.92921272,2,0,0
Home Decor,2023-10-20,18908.22476946,2,0,0
Home Decor,2023-10-21,9969.13110964,2,0,0
Home Decor,2023-10-22,20641.50997434,2,0,0
Home Decor,2023-10-23,15979.17524048,2,0,0
Home Decor,2023-10-24,13889.582774729999,2,0,0
Home Decor,2023-10-25,14406.7466622,1,0,0
Home Decor,2023-10-26,15831.44902171,1,0,0
Home Decor,2023-10-27,14996.75660551,2,0,0
Home Decor,2023-10-28,17631.69048623,2,0,0
Home Decor,2023-10-29,16362.41872904,1,0,0
Home Decor,2023-10-30,15605.95755632,1,0,0
Home Decor,2023-10-31,15380.96379676,2,0,0
Home Decor,2023-11-01,16542.36875794,1,0,0
Home Decor,2023-11-02,20049.92169955,2,0,0
Home Decor,2023-11-03,15082.13383091,2,0,1
Home Decor,2023-11-04,19996.13035865,1,0,1
Home Decor,2023-11-05,17248.14742498,2,0,1
Home Decor,2023-11-06,15446.617557649999,2,0,1
Home Decor,2023-11-07,18090.81644029,2,0,1
Home Decor,2023-11-08,17496.868614,1,0,1
Home Decor,2023-11-09,15266.89983904,2,0,1
Home Decor,2023-11-10,14005.21989599,2,1,1
Home Decor,2023-11-11,21824.75414468,1,1,0
Home Decor,2023-11-12,14467.42239736,2,0,0
Home Decor,2023-11-13,22057.11693641,1,0,0
Home Decor,2023-11-14,15715.92506195,1,0,0
Home Decor,2023-11-15,16559.27200652,2,0,0
Home Decor,2023-11-16,18445.05897148,1,0,1
Home Decor,2023-11-17,18592.22418451,2,0,1
Home Decor,2023-11-18,20088.51889572,1,0,1
Home Decor,2023-11-19,13632.51522435,2,0,1
Home Decor,2023-11-20,19936.15755174,2,0,1
Home Decor,2023-11-21,15736.876777234,1,0,1
Home Decor,2023-11-22,17816.314642459,2,0,1
Home Decor,2023-11-23,17223.2914803,1,1,0
Home Decor,2023-11-24,11898.42910597,2,0,0
Home Decor,2023-11-25,21012.05656572,1,0,0
Home Decor,2023-11-26,11531.03679987,1,0,0
Home Decor,2023-11-27,13654.085419340001,2,0,0
Home Decor,2023-11-28,15397.47462758,1,0,0
Home Decor,2023-11-29,15257.71574458,2,0,0
Home Decor,2023-11-30,19905.3140829,1,0,0
Home Decor,2023-12-01,23477.70954741,1,0,0
Home Decor,2023-12-02,14683.25673877,2,0,0
Home Decor,2023-12-03,18008.04141336,2,0,0
Home Decor,2023-12-04,19654.32459011,1,0,0
Home Decor,2023-12-05,16154.81215682,2,0,0
Home Decor,2023-12-06,14563.13513562,1,0,0
Home Decor,2023-12-07,16362.59531209,2,0,0
Home Decor,2023-12-08,17410.29072433,2,0,0
Home Decor,2023-12-09,21192.10414986,1,0,0
Home Decor,2023-12-10,18353.14442985,2,0,0
Home Decor,2023-12-11,16309.87042677,2,0,0
Home Decor,2023-12-12,17386.05963425,1,0,0
Home Decor,2023-12-13,16019.67047737,1,0,0
Home Decor,2023-12-14,17212.27194621,2,0,0
Home Decor,2023-12-15,14994.06918938,1,0,0
Home Decor,2023-12-16,13948.23058258,2,0,0
Home Decor,2023-12-17,16909.56158229,1,0,0
Home Decor,2023-12-18,19032.54739487,2,0,1
Home Decor,2023-12-19,12965.90073623,2,0,1
Home Decor,2023-12-20,15257.87276455,1,0,1
Home Decor,2023-12-21,19476.29045529,2,0,1
Home Decor,2023-12-22,16358.426873260001,2,0,1
Home Decor,2023-12-23,17240.80733848,1,0,1
Home Decor,2023-12-24,17780.580892555,2,0,1
Home Decor,2023-12-25,17622.56880856,2,1,1
Home Decor,2023-12-26,15899.5929914,1,0,1
Home Decor,2023-12-27,13485.35677503,1,0,1
Home Decor,2023-12-28,18581.940496618,1,0,1
Home Decor,2023-12-29,18114.87764264,1,0,1
Home Decor,2023-12-30,18908.17577029,1,0,1
Home Decor,2023-12-31,14294.01069562,2,0,1
Home Decor,2024-01-01,20346.560192330002,2,1,0
Home Decor,2024-01-02,18152.36207359,2,0,0
Home Decor,2024-01-03,15692.52784149,1,0,0
Home Decor,2024-01-04,14629.851652659001,2,0,0
Home Decor,2024-01-05,19419.49758233,1,0,0
Home Decor,2024-01-06,15344.62736818,1,0,0
Home Decor,2024-01-07,14262.11005278,1,0,0
Home Decor,2024-01-08,20021.99972968,2,0,1
Home Decor,2024-01-09,16361.52124323,1,0,1
Home Decor,2024-01-10,19400.49055715,2,0,1
Home Decor,2024-01-11,15317.21884464,2,0,1
Home Decor,2024-01-12,23385.87078839,2,0,1
Home Decor,2024-01-13,20320.5399886,2,0,1
Home Decor,2024-01-14,19018.14998121,2,0,1
Home Decor,2024-01-15,11585.88484326,2,1,0
Home Decor,2024-01-16,16865.5695059,2,0,0
Home Decor,2024-01-17,18976.68984293,2,0,0
Home Decor,2024-01-18,17224.346683072,2,0,0
Home Decor,2024-01-19,21735.05924455,1,0,0
Home Decor,2024-01-20,15708.62569465,1,0,0
Home Decor,2024-01-21,18300.57617866,1,0,0
Home Decor,2024-01-22,16524.94381833,2,0,0
Home Decor,2024-01-23,17179.98801386,2,0,0
Home Decor,2024-01-24,17105.308105469998,2,0,0
Home Decor,2024-01-25,17668.341619259998,2,0,0
Home Decor,2024-01-26,16815.45145082,1,0,0
Home Decor,2024-01-27,12904.64137329,2,0,0
Home Decor,2024-01-28,10540.603895376,1,0,0
Home Decor,2024-01-29,23582.29845928,2,0,0
Home Decor,2024-01-30,21036.57969297,1,0,0
Home Decor,2024-01-31,20183.36847472,2,0,0
Home Decor,2024-02-01,14020.367826919999,1,0,0
Home Decor,2024-02-02,13847.76360429,2,0,0
Home Decor,2024-02-03,20905.82222109,1,0,0
Home Decor,2024-02-04,19874.28856479,1,0,0
Home Decor,2024-02-05,18075.46263903,1,0,0
Home Decor,2024-02-06,18261.076998955,2,0,0
Home Decor,2024-02-07,19844.86665284,2,0,0
Home Decor,2024-02-08,12946.45283967,1,0,0
Home Decor,2024-02-09,13257.11968098,1,0,0
Home Decor,2024-02-10,21732.650613157,1,0,0
Home Decor,2024-02-11,15251.40736511,2,0,0
Home Decor,2024-02-12,18373.585647429998,2,0,1
Home Decor,2024-02-13,17792.82889158,2,0,1
Home Decor,2024-02-14,18208.76240453,2,0,1
Home Decor,2024-02-15,15199.158582240001,1,0,1
Home Decor,2024-02-16,17862.60679527,2,0,1
Home Decor,2024-02-17,17220.928281014,1,0,1
Home Decor,2024-02-18,16985.808728818,1,0,1
Home Decor,2024-02-19,22385.57392184,2,1,0
Home Decor,2024-02-20,16860.7505982,2,0,0
Home Decor,2024-02-21,13418.479696,1,0,0
Home Decor,2024-02-22,24649.45411628,1,0,0
Home Decor,2024-02-23,18542.84569368,1,0,0
Home Decor,2024-02-24,14953.24162675,2,0,0
Home Decor,2024-02-25,18689.95372099,2,0,0
Home Decor,2024-02-26,15238.72261226,2,0,0
Home Decor,2024-02-27,12017.286136333,2,0,0
Home Decor,2024-02-28,13490.76442017,2,0,0
Home Decor,2024-02-29,15120.08057916,2,0,0
Home Decor,2024-03-01,15031.646626490001,1,0,0
Home Decor,2024-03-02,20609.29858956,1,0,0
Home Decor,2024-03-03,16239.283567257,2,0,0
Home Decor,2024-03-04,20284.72094921,2,0,0
Home Decor,2024-03-05,18161.21287281,1,0,0
Home Decor,2024-03-06,14759.45719474,2,0,0
Home Decor,2024-03-07,15293.72895936,2,0,0
Home Decor,2024-03-08,18077.16996811,1,0,0
Home Decor,2024-03-09,14873.38337157,2,0,0
Home Decor,2024-03-10,16084.58536349,1,0,0
Home Decor,2024-03-11,13056.10446432,2,0,0
Home Decor,2024-03-12,11738.213849955,2,0,0
Home Decor,2024-03-13,15264.18915499,1,0,0
Home Decor,2024-03-14,16383.91167066,1,0,0
Home Decor,2024-03-15,16841.44194719,2,0,0
Home Decor,2024-03-16,15074.79577587,1,0,0
Home Decor,2024-03-17,16880.88774953,2,0,0
Home Decor,2024-03-18,17440.87354341,1,0,0
Home Decor,2024-03-19,15944.81024046,2,0,0
Home Decor,2024-03-20,15918.51063466,1,0,0
Home Decor,2024-03-21,18842.44677072,2,0,0
Home Decor,2024-03-22,16062.868902420001,2,0,0
Home Decor,2024-03-23,18533.984035676,2,0,0
Home Decor,2024-03-24,12164.03029217,2,0,0
Home Decor,2024-03-25,20617.15174062,1,0,0
Home Decor,2024-03-26,18821.78271353,2,0,0
Home Decor,2024-03-27,17221.67306113,2,0,0
Home Decor,2024-03-28,16954.417645966,1,0,0
Home Decor,2024-03-29,18675.82381219,2,0,0
Home Decor,2024-03-30,18520.85307116,1,0,0
Home Decor,2024-03-31,18404.6043931,1,0,0
Home Decor,2024-04-01,19446.59938537,1,0,0
Home Decor,2024-04-02,17605.80298485,2,0,0
Home Decor,2024-04-03,15541.18842179,1,0,0
Home Decor,2024-04-04,19456.72646504,1,0,0
Home Decor,2024-04-05,16268.29977256,2,0,0
Home Decor,2024-04-06,16777.64367261,2,0,0
Home Decor,2024-04-07,18913.16753818,1,0,0
Home Decor,2024-04-08,16170.21821352,1,0,0
Home Decor,2024-04-09,15398.21117679,2,0,0
Home Decor,2024-04-10,18511.40342918,2,0,0
Home Decor,2024-04-11,20952.11347105,1,0,0
Home Decor,2024-04-12,18763.50877653,2,0,0
Home Decor,2024-04-13,16632.50099906,2,0,0
Home Decor,2024-04-14,11278.114134633,2,0,0
Home Decor,2024-04-15,18276.89372555,2,0,0
Home Decor,2024-04-16,20003.332216669998,2,0,0
Home Decor,2024-04-17,14035.81241061,1,0,0
Home Decor,2024-04-18,18809.519107629,2,0,0
Home Decor,2024-04-19,13841.58998167,1,0,0
Home Decor,2024-04-20,12449.61211914,2,0,0
Home Decor,2024-04-21,20560.2798448,1,0,0
Home Decor,2024-04-22,17385.99498882,2,0,0
Home Decor,2024-04-23,18258.03992903,2,0,0
Home Decor,2024-04-24,17278.870058151,2,0,0
Home Decor,2024-04-25,17130.38195697,2,0,0
Home Decor,2024-04-26,19041.20222291,2,0,0
Home Decor,2024-04-27,15772.46447355,2,0,0
Home Decor,2024-04-28,14512.51626121,2,0,0
